userId,movieId,rating,timestamp
1,46,3.0,1260888981
1,18,5.0,1261664778
1,44,3.0,1261087947
1,32,1.5,1261032538
1,27,5.0,1261324894
1,16,4.0,1261232254
1,23,4.0,1261029936
1,17,5.0,1260964041
1,35,1.5,1261176113
1,9,3.0,1261407531
1,39,1.0,1261437843
1,57,1.0,1261015508
1,1,4.0,1260865530
1,59,2.5,1261219337
1,33,2.0,1261564889
1,2,3.5,1261523469
1,4,3.5,1260930829
1,29,4.0,1261748913
1,25,4.5,1261320353
1,8,4.0,1261709110
1,58,2.5,1261246879
2,15,3.0,1261231525
2,6,2.5,1260973020
2,23,1.5,1261683414
2,31,4.5,1261404914
2,20,1.5,1260977126
2,45,4.0,1261306707
2,27,3.0,1261528598
2,21,2.5,1260881096
2,36,4.5,1260869687
2,11,2.0,1261494716
2,44,4.5,1261732548
2,8,1.5,1261533684
2,58,3.0,1261083767
2,43,4.5,1261638858
2,16,3.0,1260802585
2,1,3.5,1261719061
2,41,5.0,1261285981
2,42,4.5,1261526595
2,10,1.0,1261725429
2,47,5.0,1261301335
2,38,5.0,1261167923
2,7,1.5,1261146261
2,22,1.0,1261411664
2,28,3.5,1260896848
2,40,5.0,1261338304
2,37,4.5,1261210269
2,50,3.5,1261509216
2,33,4.5,1260987576
3,17,3.5,1261440669
3,13,1.0,1260829467
3,9,1.0,1260868751
3,12,1.0,1261570774
3,47,5.0,1261127452
3,32,5.0,1261742237
3,4,1.5,1260869078
3,15,3.0,1261177400
3,14,3.0,1261369490
3,51,4.0,1260774708
3,8,2.5,1260892883
3,60,5.0,1261748586
3,2,2.0,1261510102
3,33,4.5,1261417271
3,50,4.0,1261160896
3,52,5.0,1260830295
3,48,4.5,1261032255
4,43,5.0,1261727911
4,45,5.0,1261289583
4,8,4.5,1261080184
4,31,3.5,1261427234
4,44,5.0,1261550971
4,6,5.0,1261737771
4,59,1.5,1261671495
4,27,3.0,1261496378
4,9,5.0,1261745001
4,60,3.0,1261402409
4,58,1.5,1261540474
4,34,3.5,1261395584
4,53,1.0,1260797467
4,7,4.5,1261636844
4,11,4.0,1260817871
5,52,1.0,1261170927
5,35,1.5,1260890373
5,30,5.0,1261218451
5,15,4.0,1260824726
5,24,4.5,1261027246
5,21,4.5,1261499674
5,20,4.0,1261448944
5,58,1.5,1261699597
5,25,5.0,1261204101
5,54,1.0,1260831991
5,34,2.0,1260777070
5,46,3.0,1260841074
5,28,4.5,1260935089
5,31,2.0,1261389152
5,19,5.0,1261257863
5,39,1.5,1261289089
5,4,4.0,1260994362
5,18,4.5,1261556079
5,57,2.5,1261239761
5,56,1.0,1261656059
5,55,2.0,1261023512
5,26,4.0,1260996549
6,47,5.0,1260942062
6,24,3.5,1260859235
6,30,3.5,1261612049
6,9,2.5,1261676230
6,37,4.5,1261422165
6,6,1.0,1260779056
6,33,5.0,1261397836
6,36,5.0,1261165716
6,21,2.0,1261424022
6,5,3.5,1261011764
6,44,4.5,1261499427
6,27,3.5,1261614474
6,11,2.0,1261114612
6,35,4.0,1261206556
6,43,4.0,1261334581
6,17,2.5,1260950475
6,38,4.0,1261065063
6,8,1.0,1261449607
6,7,2.5,1261243963
6,39,4.0,1260818101
6,41,5.0,1261649617
6,57,3.5,1261119260
6,23,2.5,1261409419
6,46,3.0,1261306577
6,19,2.5,1261030967
6,31,5.0,1260768540
6,10,2.0,1261310951
6,3,3.0,1261125326
7,2,2.5,1261096497
7,47,4.5,1261602890
7,59,4.5,1260762267
7,32,5.0,1261583945
7,49,5.0,1260890484
7,35,3.0,1261710000
7,46,5.0,1260982992
7,58,4.5,1261322044
7,11,2.0,1261592727
7,4,1.5,1261628474
7,6,1.5,1261583273
7,1,1.0,1261711415
7,8,1.5,1261159573
7,51,4.5,1261065955
7,7,1.5,1261354468
7,21,3.5,1261613882
8,13,5.0,1260833460
8,30,3.0,1261290089
8,24,4.0,1260938208
8,14,5.0,1260990915
8,11,5.0,1261196477
8,4,4.0,1260936804
8,2,4.5,1261477216
8,58,2.5,1261564497
8,51,1.0,1261371380
8,12,4.0,1261048106
8,57,1.5,1261194564
8,43,4.5,1260997067
8,22,3.0,1261716766
8,23,4.0,1261636699
8,3,4.5,1261503699
8,41,4.0,1260962196
8,34,3.0,1260785790
8,8,4.5,1261207345
8,48,1.5,1261298773
8,56,1.5,1261288036
8,59,1.5,1261549141
8,60,3.0,1261470131
8,5,5.0,1260915542
9,40,2.5,1260770023
9,36,2.5,1261147043
9,20,4.0,1261664588
9,25,4.5,1261329715
9,28,5.0,1261123167
9,14,3.0,1261446281
9,29,4.5,1260886016
9,26,4.5,1261256562
9,47,3.5,1261651048
9,59,1.0,1261076428
9,30,5.0,1261449907
9,23,4.5,1261310820
9,7,4.0,1260877012
9,56,2.5,1261339466
9,37,2.0,1261334278
9,12,4.0,1261742049
9,18,5.0,1261176009
9,19,4.5,1260927964
9,22,4.0,1260820813
9,60,4.0,1261684919
9,27,5.0,1260887778
9,48,3.5,1260894230
9,55,1.5,1261028114
10,36,4.5,1261040342
10,7,1.0,1260803238
10,6,2.0,1261623141
10,11,2.0,1261074826
10,3,4.0,1261086359
10,8,1.0,1260765949
10,40,5.0,1261487913
10,35,4.5,1261699890
10,42,4.0,1261096889
10,48,4.5,1261074557
10,37,4.5,1261063462
10,41,4.5,1260829390
10,30,3.5,1261326376
10,19,2.5,1261192027
10,17,1.5,1260975464
10,20,1.5,1261565395
10,47,4.0,1261647900
10,4,4.0,1261559820
10,34,4.5,1261387861
10,32,5.0,1261426375
10,45,4.5,1261420614
10,23,1.0,1261257870
10,58,3.5,1261420450
10,10,1.0,1260783071
10,44,4.0,1261671259
11,32,4.0,1261231930
11,57,4.0,1261277862
11,44,3.5,1261676559
11,60,4.5,1261148593
11,48,5.0,1260826661
11,12,1.5,1261431108
11,55,4.0,1260905106
11,25,3.0,1261681630
11,2,2.0,1261628270
11,46,4.5,1261321926
11,27,3.0,1260877033
11,7,1.5,1261388474
11,23,3.0,1261329559
11,21,3.0,1261132220
11,5,1.0,1260760062
11,39,3.0,1260854462
11,51,4.0,1261529173
11,43,3.0,1261387880
11,9,1.5,1261158384
11,28,3.5,1261226010
11,1,2.0,1261145193
11,56,4.0,1260785069
12,34,3.0,1260883040
12,39,3.0,1261177034
12,35,3.0,1261549756
12,13,5.0,1261714614
12,12,5.0,1261062571
12,54,2.5,1260881883
12,41,4.0,1261676621
12,9,4.5,1261558666
12,24,4.0,1261598873
12,56,1.5,1261100383
12,1,4.5,1261633668
12,8,5.0,1260896541
12,22,4.0,1260823323
12,51,1.5,1260939448
12,4,5.0,1260994659
12,49,1.0,1260863537
13,22,5.0,1261666533
13,31,2.0,1261538554
13,17,4.0,1261281244
13,28,4.5,1261676581
13,29,4.5,1261566043
13,9,3.0,1261497345
13,23,4.5,1261588735
13,11,3.5,1261443647
13,59,1.5,1260902026
13,48,3.5,1261748024
13,21,5.0,1260908646
13,36,1.5,1261351016
13,41,4.0,1261197774
13,32,1.5,1261673228
13,27,5.0,1261680522
13,26,4.5,1261324445
13,24,5.0,1260855646
13,56,2.0,1261249025
13,51,1.0,1261102054
13,58,2.5,1261026552
13,16,4.5,1261161662
13,39,1.5,1261334644
13,57,1.0,1261612088
13,18,5.0,1260791154
13,40,2.0,1261124821
13,35,1.0,1261604633
13,52,2.0,1261002322
13,12,3.5,1261329485
14,35,4.0,1261429688
14,30,3.0,1260989203
14,33,4.5,1261454275
14,38,4.5,1261264155
14,34,5.0,1261074172
14,36,5.0,1261597761
14,31,5.0,1261479670
14,43,5.0,1261009869
14,2,3.0,1260934399
14,37,5.0,1260937954
14,41,4.5,1261622021
14,45,4.5,1260891717
14,54,3.0,1261138862
14,25,4.0,1260859158
14,18,1.5,1261191498
14,32,4.5,1261089388
14,21,1.5,1261227276
14,40,4.5,1261270411
14,51,3.5,1261643377
14,8,1.5,1261701654
15,46,4.5,1261380019
15,58,4.5,1261346111
15,25,3.5,1261489880
15,52,4.5,1261194165
15,34,3.5,1261569874
15,12,2.0,1260852501
15,8,1.0,1260818676
15,10,2.0,1260932532
15,41,3.5,1261376895
15,33,4.5,1261185752
15,28,3.5,1261462662
15,47,4.5,1260896717
15,49,4.5,1261310025
15,1,1.5,1261702026
15,50,4.0,1260945240
15,9,1.5,1261033486
15,60,5.0,1260837623
15,7,1.0,1261676458
16,29,4.0,1260782236
16,49,1.5,1261386433
16,59,2.5,1260853914
16,51,1.5,1261137387
16,52,2.0,1261755261
16,14,5.0,1261656928
16,33,3.5,1260897155
16,9,4.5,1261540817
16,7,5.0,1261706479
16,25,3.0,1261200501
16,40,3.5,1260849093
16,12,4.5,1261714103
16,36,3.5,1260794954
16,54,1.5,1261754848
16,34,3.5,1261521092
16,45,4.5,1260782752
16,41,4.0,1261675714
16,58,1.5,1261601393
16,57,1.5,1260966980
16,5,5.0,1261095676
16,11,4.0,1261277271
16,3,4.0,1261190459
16,42,4.5,1260916729
16,48,1.5,1260987504
16,4,4.5,1261754915
16,50,1.0,1260799809
16,39,3.0,1260810226
16,44,5.0,1261234781
17,32,2.0,1261415884
17,36,1.5,1261711615
17,18,5.0,1261317296
17,55,2.0,1261366847
17,26,4.5,1261034494
17,25,4.0,1261311433
17,29,5.0,1261258883
17,8,4.0,1261303869
17,39,1.5,1261334762
17,14,3.0,1261004690
17,20,5.0,1261187988
17,22,5.0,1261319696
17,24,4.5,1261078278
17,38,1.0,1261458983
17,30,5.0,1260961503
17,28,5.0,1260770344
17,35,2.0,1261351245
17,57,2.0,1261223071
17,19,4.5,1261476912
17,3,3.5,1261016594
17,17,5.0,1261668164
17,40,2.0,1261704439
17,5,3.5,1261615774
17,33,2.5,1261371121
17,23,4.5,1261639889
18,6,2.5,1261362561
18,41,5.0,1260869017
18,21,1.0,1261728897
18,49,4.0,1261574862
18,56,3.0,1261509865
18,52,4.0,1261614778
18,33,4.0,1261652741
18,47,4.5,1261181845
18,45,4.0,1261357260
18,23,1.5,1261578471
18,37,5.0,1261604038
18,18,1.5,1261388661
18,10,1.5,1261679934
18,8,1.5,1261163032
18,24,3.0,1261285338
18,7,1.5,1261308239
18,22,1.0,1261469979
18,36,5.0,1261192816
18,43,4.5,1261544332
18,29,4.0,1260925472
18,39,4.0,1260881744
19,7,1.0,1261236602
19,59,5.0,1261703189
19,54,5.0,1261701082
19,15,4.0,1261082557
19,47,5.0,1261054804
19,60,4.5,1261474080
19,57,5.0,1260842300
19,48,4.0,1260842560
19,52,4.5,1260802642
19,4,1.0,1261086304
19,32,4.0,1261372089
19,55,5.0,1261574624
19,13,1.5,1261587952
19,3,1.5,1261071250
19,31,3.0,1261651027
19,2,1.5,1261756703
19,51,5.0,1261616263
19,45,3.5,1261651964
19,11,1.0,1261417380
19,34,4.0,1260845988
19,42,4.0,1260884991
19,35,4.0,1261660437
20,55,1.0,1261749049
20,36,3.5,1261577007
20,43,5.0,1260891079
20,32,3.0,1260937589
20,52,1.0,1261239488
20,45,5.0,1261082390
20,28,3.0,1260990758
20,9,5.0,1261681588
20,6,5.0,1261486955
20,12,5.0,1261661385
20,56,2.5,1261265047
20,4,5.0,1261669229
20,44,5.0,1261554509
20,7,4.5,1261042097
20,53,1.0,1261273257
20,58,2.5,1261189783
20,19,3.5,1261435555
20,1,5.0,1261632698
20,50,1.5,1261048227
20,8,4.0,1261407074
20,34,4.0,1260790598
20,46,1.5,1261376394
20,11,4.5,1260986286
20,10,4.5,1261571461
20,3,4.5,1261668827
20,14,4.5,1261683044
20,31,4.0,1261483238
21,51,1.0,1261160927
21,22,5.0,1261002373
21,43,3.5,1260929182
21,20,5.0,1261366167
21,17,4.5,1261682159
21,53,2.5,1261597530
21,58,1.0,1261545958
21,5,3.5,1261277349
21,39,1.5,1261311829
21,55,2.0,1261317819
21,52,1.5,1261610887
21,41,3.5,1261413037
21,26,4.5,1261594700
21,23,4.5,1261365791
21,40,1.5,1261368996
21,19,4.0,1261537513
21,36,2.0,1260919081
21,30,4.5,1261476406
21,29,5.0,1260765154
21,16,5.0,1260823288
21,18,5.0,1261204864
22,41,5.0,1261334335
22,42,5.0,1261518746
22,12,2.5,1260974048
22,9,2.5,1261675838
22,37,5.0,1260792320
22,3,3.5,1261272287
22,34,5.0,1261018931
22,17,2.5,1261165845
22,25,3.5,1260859734
22,43,4.0,1260936235
22,51,3.5,1261032797
22,8,2.5,1261488497
22,35,4.5,1261732950
22,47,4.5,1261378369
22,45,4.5,1261691817
22,27,3.0,1260900398
22,23,2.0,1260891632
22,57,4.0,1261703249
22,16,3.0,1261669061
22,40,4.5,1260787380
22,44,5.0,1260829326
22,5,3.0,1260979971
23,2,2.0,1261644691
23,50,4.0,1261137544
23,23,3.5,1261479488
23,46,4.5,1261446220
23,40,3.0,1261754043
23,5,2.5,1261047161
23,32,5.0,1261721854
23,12,1.0,1261038922
23,33,4.5,1260845652
23,11,1.0,1261462724
23,55,4.5,1261019116
23,10,2.0,1261703994
23,59,5.0,1260916795
23,56,5.0,1261688065
23,49,4.5,1261633829
23,52,4.5,1261572348
24,3,4.5,1261624962
24,15,5.0,1261130000
24,4,4.0,1261354923
24,14,4.5,1261057090
24,40,3.5,1261748156
24,38,3.5,1260982536
24,43,5.0,1260785155
24,42,4.5,1261628742
24,11,5.0,1260890691
24,52,1.5,1260793707
24,1,4.5,1261626969
24,39,3.0,1261505788
24,41,5.0,1260917492
24,8,5.0,1261153274
24,53,1.5,1260918476
24,24,3.0,1260919928
24,13,4.5,1261055141
24,46,2.0,1261455595
24,6,5.0,1260891311
25,1,3.5,1261040652
25,57,2.0,1260917056
25,34,1.0,1261319347
25,53,1.0,1261693591
25,27,4.0,1261288992
25,29,5.0,1261501488
25,28,5.0,1261441568
25,36,1.0,1261237366
25,17,5.0,1261178139
25,5,3.5,1260991549
25,22,4.5,1261243965
25,38,1.5,1260795321
25,19,5.0,1261644736
25,58,1.5,1260776772
25,15,4.0,1261153583
25,18,4.5,1261398430
25,37,1.0,1261287014
25,51,2.0,1261672401
25,33,1.5,1261423468
25,54,1.5,1261445684
25,31,1.5,1260898999
25,4,3.0,1261698947
25,56,1.0,1261393122
25,39,2.0,1261212449
25,20,5.0,1261623008
26,36,5.0,1261582346
26,53,3.0,1261230828
26,45,4.5,1261714154
26,48,4.0,1260896084
26,44,5.0,1261341004
26,10,1.0,1261450738
26,12,2.5,1260903539
26,35,4.5,1260880999
26,19,1.0,1261216373
26,34,5.0,1261459336
26,31,5.0,1261514801
26,42,4.0,1261513950
26,41,5.0,1260938785
26,32,5.0,1260822646
26,49,3.5,1261564175
26,6,2.0,1261488532
26,56,3.0,1260914683
27,39,3.5,1261220792
27,54,4.5,1261410844
27,46,4.0,1261005242
27,3,2.5,1261562446
27,49,4.5,1261718125
27,59,4.0,1261299302
27,48,4.5,1261323678
27,55,4.5,1260816993
27,57,4.5,1261530148
27,13,1.5,1261552853
27,12,1.0,1261301015
27,32,4.0,1261086252
27,26,3.5,1261145601
27,11,1.5,1261053054
27,53,5.0,1261601186
27,25,4.0,1261705875
27,47,5.0,1261583899
27,5,2.0,1260835329
28,47,1.5,1261378961
28,9,5.0,1260801828
28,42,5.0,1261614342
28,41,4.5,1261545639
28,14,4.5,1261109877
28,13,4.5,1261015911
28,12,4.0,1261067623
28,15,5.0,1260929963
28,50,1.5,1261626869
28,43,4.5,1261386035
28,3,5.0,1260788301
28,10,5.0,1260952783
28,40,3.5,1261496565
28,8,4.5,1260976029
28,17,3.0,1261017503
28,7,5.0,1260878968
28,2,5.0,1260769699
28,26,3.5,1260778169
28,60,3.0,1261692667
28,34,3.0,1261502537
28,23,3.0,1260974400
29,23,4.5,1261569658
29,20,4.0,1261303897
29,29,4.5,1260962981
29,51,2.5,1261201111
29,21,5.0,1261670297
29,57,1.0,1261609741
29,53,1.5,1261488182
29,18,4.5,1260981317
29,45,4.0,1261750469
29,31,1.0,1261294426
29,30,5.0,1260782429
29,25,4.0,1261200460
29,28,4.0,1261646700
29,34,1.0,1261431280
29,36,1.0,1261323396
29,38,1.5,1260766967
29,14,3.0,1260984371
29,17,4.5,1260923685
29,52,2.5,1261466548
30,45,4.5,1261573037
30,1,4.0,1261686460
30,3,3.0,1261614684
30,38,4.0,1261353305
30,28,3.0,1261289836
30,31,4.0,1260963366
30,36,4.5,1261045166
30,15,3.0,1261419902
30,17,2.0,1260819428
30,34,4.0,1261396420
30,42,5.0,1260859689
30,21,1.0,1261415031
30,32,4.5,1261261754
30,13,1.0,1261162850
30,8,1.5,1261269259
30,43,4.5,1261050444
30,20,1.5,1261387419
30,40,5.0,1261058631
30,39,5.0,1261566655
30,18,2.5,1261049524
30,41,4.5,1261696381
30,48,4.5,1261478401
30,44,5.0,1260812352
30,47,4.0,1260762191
30,26,3.0,1261387864
30,19,2.5,1260762631
31,19,3.0,1260798279
31,58,5.0,1260907702
31,14,3.5,1261013311
31,54,5.0,1261204377
31,55,5.0,1261505434
31,41,3.0,1260856661
31,32,4.5,1261456960
31,34,3.5,1260882257
31,12,1.5,1261028054
31,57,5.0,1261318252
31,6,1.0,1261682482
31,60,5.0,1261080909
31,33,4.5,1261322359
31,3,2.0,1260768503
31,52,5.0,1261378745
31,50,4.0,1261329126
31,2,1.0,1261372777
31,43,3.0,1261174384
31,35,3.0,1260944165
31,56,4.5,1261388720
31,49,4.0,1261230027
31,20,4.5,1261461164
31,24,3.5,1261610378
31,42,4.0,1261011791
31,51,5.0,1261051985
31,5,2.5,1260938830
31,25,4.0,1261320931
32,32,4.0,1261647036
32,42,4.0,1261324609
32,8,4.5,1261741599
32,59,1.0,1261374684
32,46,2.5,1261059931
32,34,3.0,1261305015
32,7,5.0,1261143865
32,2,4.5,1261417441
32,11,5.0,1261519109
32,10,5.0,1260915570
32,31,3.5,1260826695
32,45,5.0,1260876235
32,4,4.5,1261392065
32,44,5.0,1261425165
32,58,2.5,1260953509
32,23,3.0,1261041017
32,6,5.0,1261429739
32,12,4.5,1261645514
32,14,5.0,1261206557
32,43,5.0,1261628049
32,5,4.5,1261292884
32,3,5.0,1261301601
32,47,2.5,1260873914
33,25,4.5,1261026613
33,26,4.5,1261538446
33,37,1.0,1261120278
33,1,3.0,1261105874
33,33,2.5,1261751558
33,24,5.0,1260792787
33,46,3.0,1261361272
33,15,3.5,1261579483
33,31,1.5,1260887046
33,28,4.0,1261444614
33,34,2.5,1260947490
33,11,3.5,1261263409
33,30,4.5,1261403600
33,32,1.5,1261422689
33,36,1.5,1261075364
33,48,3.5,1261260597
33,21,5.0,1261281220
33,51,2.0,1261504466
33,13,3.0,1260782284
33,10,3.0,1261570554
33,23,4.5,1261496266
33,53,1.5,1261029143
33,47,3.0,1261416456
33,29,4.5,1261177495
34,41,4.5,1261325088
34,38,4.5,1261473423
34,6,1.0,1261061929
34,48,5.0,1261125008
34,43,4.5,1260776073
34,2,3.5,1261512158
34,7,1.0,1261669734
34,18,1.0,1261684431
34,11,1.5,1261010351
34,31,4.5,1260994718
34,33,4.5,1261753969
34,3,3.5,1261394775
34,21,2.0,1261172860
34,20,2.5,1261542441
34,45,4.0,1261008430
34,58,3.0,1261380527
34,32,4.5,1261209930
34,34,5.0,1261312343
34,47,5.0,1261420948
35,2,1.5,1261039852
35,52,4.0,1261347158
35,33,5.0,1261624139
35,5,1.5,1260962127
35,51,4.0,1261641766
35,46,5.0,1261691443
35,60,4.5,1261208916
35,12,1.5,1261301777
35,32,5.0,1261271880
35,54,4.0,1260840816
35,48,4.0,1261434714
35,56,5.0,1261306936
35,8,1.5,1260777658
35,50,4.0,1260938635
35,6,1.5,1261465938
35,35,3.0,1261709162
35,53,4.5,1260985058
35,15,3.0,1261344289
35,55,4.0,1261728211
35,7,2.0,1261621371
35,20,4.5,1261159455
35,59,5.0,1261697542
35,28,3.0,1261744325
36,28,4.0,1261309458
36,16,3.0,1261430514
36,34,3.5,1260814426
36,6,4.5,1261254384
36,41,5.0,1260914289
36,13,4.0,1260978780
36,54,2.5,1261491635
36,26,4.0,1261686091
36,2,5.0,1261415005
36,45,5.0,1261365123
36,50,2.5,1261501849
36,11,5.0,1260916547
36,49,1.5,1261495983
36,58,1.5,1261292634
36,52,2.5,1260949237
36,4,4.0,1261188332
36,59,1.0,1260850353
36,20,3.0,1261308844
36,5,4.5,1261130233
36,43,4.5,1261427590
36,12,4.0,1260792866
36,60,3.5,1261098119
37,39,1.5,1261684683
37,48,4.0,1261234595
37,52,1.0,1260857696
37,21,5.0,1261574948
37,5,4.0,1261333578
37,16,5.0,1261094098
37,22,4.0,1261342098
37,1,3.0,1260905295
37,36,1.5,1261480037
37,18,5.0,1260833567
37,35,1.0,1261461098
37,59,2.5,1261295397
37,12,3.5,1261522760
37,13,3.0,1261437743
37,23,4.0,1261527613
37,53,1.0,1261563783
37,19,5.0,1261274693
37,24,5.0,1260998017
37,11,3.5,1261211891
37,45,3.0,1261462814
38,41,4.0,1261630868
38,22,1.0,1261374458
38,45,5.0,1261071023
38,21,2.5,1261241604
38,47,5.0,1261514111
38,10,1.5,1260869155
38,36,4.5,1261070822
38,9,2.0,1261572081
38,19,1.0,1261496685
38,2,3.5,1261635338
38,33,4.5,1261738448
38,37,5.0,1261312091
38,42,5.0,1261195571
38,6,1.0,1261314083
38,48,4.5,1261294381
38,40,4.5,1261121455
38,14,3.5,1261556622
38,8,2.5,1261446687
38,18,2.0,1261323485
38,44,5.0,1260916584
38,34,4.0,1261050077
38,60,3.0,1261323871
38,49,3.0,1261443393
38,32,5.0,1260965940
38,7,1.5,1261640506
38,43,4.0,1261550842
38,35,4.5,1261477675
38,11,1.0,1261683300
39,1,2.5,1261189599
39,12,2.5,1261406341
39,2,1.0,1260925892
39,6,2.5,1260893832
39,24,3.5,1261044521
39,54,4.5,1260797211
39,47,4.5,1261539926
39,44,3.5,1261512298
39,20,4.5,1260858239
39,58,5.0,1261647544
39,32,4.5,1260914378
39,5,1.5,1261082494
39,48,4.5,1261188852
39,25,3.5,1261203865
39,43,4.0,1261014948
39,57,4.0,1261230249
39,40,3.0,1260823200
39,51,5.0,1261460979
39,60,4.0,1261539741
39,7,1.0,1261229529
39,18,3.5,1261447514
39,33,4.5,1260962047
39,52,5.0,1261008768
39,49,4.5,1261269370
39,19,3.5,1261462798
39,55,4.5,1260921777
39,59,5.0,1261451797
40,8,4.5,1261087821
40,19,3.5,1261500280
40,50,1.5,1261647097
40,3,4.0,1261228924
40,14,5.0,1261191548
40,52,2.5,1261507736
40,32,4.0,1261485802
40,40,3.0,1261061523
40,13,4.5,1261268346
40,16,3.0,1261526454
40,38,3.5,1260937570
40,47,1.5,1261268733
40,4,5.0,1261100383
40,55,1.5,1261270603
40,1,4.5,1261266365
41,16,4.5,1260963923
41,18,4.5,1261704238
41,58,1.5,1261742825
41,20,5.0,1261302088
41,59,1.0,1261565970
41,29,5.0,1261092299
41,17,4.0,1260926647
41,19,4.5,1261393947
41,56,2.5,1261168064
41,26,4.5,1261621881
41,25,4.0,1261107980
41,22,5.0,1260809098
41,28,4.5,1261423929
41,13,3.0,1260946954
41,51,1.0,1261283628
42,40,4.0,1261732619
42,18,2.5,1261224918
42,45,4.5,1261649083
42,36,4.5,1261180280
42,13,1.5,1261023598
42,37,4.5,1260952226
42,60,4.0,1261650378
42,12,1.5,1261182602
42,44,5.0,1261483698
42,17,1.5,1261301642
42,43,5.0,1261180614
42,42,4.5,1261467770
42,22,1.0,1261331744
42,23,1.0,1261553448
42,33,5.0,1261167288
42,41,5.0,1261625450
42,48,4.5,1261567258
42,11,1.5,1261525988
42,26,4.0,1260940948
42,6,2.5,1261073063
42,34,5.0,1261008877
42,5,3.5,1260976770
42,38,5.0,1261302625
42,31,4.0,1261099093
42,3,3.5,1261694115
42,57,4.0,1261598319
42,55,3.5,1260817653
42,32,5.0,1261077766
43,60,5.0,1261524612
43,50,5.0,1261744132
43,55,5.0,1261255762
43,20,5.0,1261222937
43,1,1.0,1261343054
43,52,5.0,1260946771
43,8,2.0,1261520019
43,53,4.0,1261399473
43,56,4.5,1261293638
43,48,4.5,1261272313
43,5,1.0,1260827487
43,40,3.0,1261746767
43,4,1.5,1261210610
43,29,3.0,1260782782
43,28,3.5,1261613336
43,22,3.5,1260912245
43,7,2.5,1261710828
44,13,4.5,1261246030
44,42,4.0,1261430009
44,5,4.0,1261459769
44,54,2.0,1261028160
44,25,3.5,1261635110
44,16,3.0,1261079752
44,39,3.5,1261708401
44,41,5.0,1261721261
44,3,5.0,1261573422
44,43,4.5,1261493983
44,9,4.0,1260839811
44,44,5.0,1261223028
44,50,2.5,1260993104
44,49,1.5,1261315690
44,33,3.5,1261158009
44,28,3.0,1261249083
44,48,2.5,1261243146
45,26,5.0,1260793773
45,24,4.5,1261097540
45,56,2.0,1260973764
45,36,1.0,1261301423
45,16,5.0,1261068521
45,7,3.5,1261732125
45,30,5.0,1261237356
45,52,2.0,1261345549
45,17,4.0,1261095227
45,21,4.0,1260923074
45,53,1.5,1261749520
45,18,5.0,1260900365
45,57,1.5,1260821507
45,28,4.0,1261000225
45,34,1.0,1261565564
45,60,4.0,1261319897
45,25,4.0,1261191995
45,12,4.0,1261496954
45,38,1.5,1261466173
45,44,3.5,1261450381
45,1,3.0,1260771828
45,51,1.5,1261275835
45,19,4.0,1261560625
45,33,2.0,1261172523
45,27,4.5,1261458151
45,40,2.0,1260998719
45,55,1.0,1261600675
46,37,5.0,1261521371
46,8,2.5,1261177184
46,31,4.5,1261702927
46,29,4.0,1260968329
46,13,2.0,1260820215
46,32,4.0,1261627584
46,23,1.0,1260936241
46,25,3.0,1261523265
46,42,5.0,1260872688
46,18,2.0,1261503748
46,39,4.5,1261652388
46,36,5.0,1261671743
46,47,5.0,1261028150
46,40,5.0,1261357506
46,45,5.0,1261315718
46,38,5.0,1261709487
46,21,2.0,1260777990
46,17,1.0,1261009541
46,12,1.0,1261129416
46,48,5.0,1261027083
46,41,4.5,1261318351
46,56,3.0,1261491081
46,34,4.5,1261196985
46,28,3.0,1261254164
46,5,4.0,1261411845
47,49,4.5,1261717820
47,58,4.5,1260995562
47,53,4.0,1261144893
47,46,5.0,1261707377
47,10,1.0,1260956227
47,35,3.5,1261549074
47,47,4.5,1261055208
47,56,5.0,1261701324
47,39,4.0,1260809081
47,57,5.0,1260975204
47,50,5.0,1261359541
47,8,2.0,1260870086
47,60,4.5,1261733250
47,32,5.0,1261197458
47,6,2.5,1261408969
47,41,3.5,1261258797
47,20,5.0,1261629820
47,59,4.0,1261170236
47,30,3.0,1261757555
48,49,2.5,1261512494
48,2,4.5,1261401762
48,6,5.0,1261526876
48,27,3.0,1261501800
48,9,4.0,1261216719
48,14,4.5,1260843700
48,54,1.5,1261470935
48,1,4.5,1260805002
48,59,1.5,1261474339
48,57,2.0,1260867946
48,24,3.0,1261494430
48,21,4.0,1261478174
48,42,5.0,1261028956
48,4,4.5,1261154395
48,15,5.0,1261684779
48,10,4.5,1261146699
48,44,4.5,1261541215
48,60,3.0,1260852330
48,23,3.5,1261166085
48,41,4.5,1261245904
48,28,3.0,1261084497
48,51,2.5,1261121916
48,53,1.5,1261112646
48,52,2.5,1261328383
49,23,4.5,1261298376
49,37,1.5,1261459406
49,42,3.5,1261155489
49,35,1.0,1261707385
49,17,5.0,1260898784
49,53,1.0,1260828087
49,30,4.0,1261572560
49,21,4.5,1261502859
49,26,5.0,1261010514
49,6,3.5,1261708349
49,41,3.5,1261194928
49,1,3.0,1260792872
49,29,5.0,1261247535
49,9,3.0,1260844774
49,58,2.0,1260957522
49,20,5.0,1261636550
49,22,5.0,1261709438
49,39,2.5,1261281552
49,40,1.0,1261558482
49,52,1.0,1261105184
49,24,4.5,1261451485
49,43,3.5,1261187276
49,51,2.5,1261062664
49,16,5.0,1261021318
49,25,4.5,1261467672
49,56,1.5,1261096369
49,59,1.0,1261071863
49,44,3.0,1261094299
49,27,4.5,1260960554
50,45,4.0,1261582759
50,2,3.0,1261389752
50,41,4.5,1260909653
50,56,3.0,1260851036
50,32,4.5,1261612392
50,18,2.5,1261275612
50,44,5.0,1261749029
50,36,5.0,1261022031
50,55,3.5,1261247765
50,7,1.0,1261663680
50,34,5.0,1261535388
50,47,4.0,1261098933
50,13,1.5,1261242779
50,31,5.0,1261591595
50,11,2.0,1261626918
50,12,1.0,1261278570
50,22,2.0,1260881332
50,21,1.0,1260848116
50,40,4.5,1261232918
50,43,4.5,1261378064
50,19,1.0,1261469205
50,38,4.5,1261469672
50,37,4.0,1261520401
50,48,4.0,1260915989
50,50,3.5,1261265961
51,47,4.0,1261232048
51,11,1.0,1261429798
51,45,3.0,1261155210
51,4,2.5,1261120719
51,48,4.5,1261668921
51,44,3.0,1261600708
51,52,4.5,1260819272
51,49,4.5,1261755358
51,46,4.5,1261012091
51,51,5.0,1260865121
51,8,1.5,1261626564
51,10,2.0,1261405047
51,58,5.0,1261619335
51,33,5.0,1260841289
51,35,3.5,1261361801
51,5,1.0,1261159890
51,29,3.0,1261018480
51,31,3.5,1261475046
51,53,5.0,1260892498
51,42,3.5,1260849009
51,37,4.0,1261480755
51,14,3.5,1260850176
51,1,1.0,1261555883
51,9,1.0,1261555710
52,50,2.0,1261752666
52,2,5.0,1261642520
52,55,1.0,1261234738
52,1,4.5,1261185674
52,12,5.0,1260782248
52,3,5.0,1261705565
52,15,5.0,1261234430
52,8,4.5,1260933875
52,41,5.0,1261638140
52,40,3.5,1260902927
52,13,5.0,1261646553
52,54,2.0,1261156674
52,22,3.5,1261390525
52,35,3.5,1261457787
52,11,4.5,1261190722
53,44,3.5,1261534107
53,26,4.5,1260761187
53,28,4.5,1261244687
53,45,3.5,1261603052
53,32,2.0,1261702993
53,19,5.0,1261748336
53,25,5.0,1261679095
53,27,5.0,1261725020
53,5,3.0,1261518785
53,21,4.5,1260820753
53,38,2.5,1261183032
53,2,3.0,1261414496
53,56,1.0,1260818500
53,16,4.5,1260825197
53,29,4.5,1260982492
53,58,2.0,1260835240
53,49,3.0,1261504423
53,46,3.5,1260765968
53,53,1.0,1260949920
54,33,4.5,1261517761
54,31,4.0,1261243273
54,41,4.5,1260992612
54,34,5.0,1261065081
54,32,4.0,1260955846
54,42,4.0,1261485448
54,47,4.5,1260852500
54,35,4.5,1260843607
54,43,5.0,1261092840
54,21,1.0,1260817692
54,36,5.0,1261561242
54,25,3.0,1260870718
54,10,1.5,1261006536
54,39,5.0,1261322370
54,37,4.0,1261334228
54,17,1.5,1261281780
54,22,2.0,1261425015
54,13,2.0,1261685863
54,19,1.0,1260995187
54,20,2.0,1261604623
54,24,4.0,1261185488
54,40,5.0,1261048192
54,59,3.5,1261327242
54,23,1.0,1261116574
54,45,4.5,1261156650
54,51,4.0,1260877696
54,44,5.0,1260763994
55,4,2.0,1261693137
55,32,4.5,1261090119
55,54,5.0,1260860158
55,57,5.0,1261622731
55,11,1.0,1260822972
55,46,4.5,1261193219
55,59,5.0,1261632030
55,49,5.0,1260925782
55,30,4.0,1261712244
55,33,4.0,1261507943
55,60,5.0,1261753178
55,47,4.5,1261329201
55,21,4.0,1261589948
55,12,1.5,1261663765
55,26,3.0,1260949121
55,29,3.5,1261322466
55,36,3.0,1261213151
55,51,4.5,1261059856
55,50,4.5,1261054866
55,1,2.5,1261753013
55,9,2.5,1261719811
55,31,3.5,1261042983
55,53,4.0,1261236697
55,38,3.0,1260808522
55,3,2.5,1261132393
56,48,1.0,1261580935
56,10,5.0,1260834403
56,44,4.5,1261347574
56,9,5.0,1261560340
56,56,2.5,1261058372
56,42,4.5,1261263158
56,11,4.0,1261011156
56,7,4.5,1261712122
56,8,4.0,1261082258
56,41,5.0,1260784525
56,43,4.5,1260904406
56,49,1.0,1261552076
56,47,1.0,1261709437
56,46,1.0,1261185903
56,3,5.0,1261169591
56,13,4.5,1261086350
56,15,5.0,1261366466
56,2,4.0,1261537754
56,53,2.0,1261512492
56,34,3.5,1261672746
56,1,4.5,1261620756
56,45,5.0,1261160426
56,14,4.5,1261281313
56,57,1.0,1261733488
56,60,3.0,1261498538
56,54,2.5,1261709922
56,12,5.0,1261224590
56,33,3.5,1260827798
57,27,4.5,1260924159
57,28,5.0,1261733045
57,53,2.5,1261257843
57,57,1.5,1260895285
57,51,2.5,1260875545
57,24,4.5,1261433533
57,16,5.0,1261569421
57,56,1.5,1261045663
57,34,1.0,1261139714
57,9,3.0,1260782559
57,58,1.0,1261110193
57,12,3.0,1261435479
57,30,5.0,1261584782
57,40,2.5,1261230869
57,49,3.5,1261235111
57,26,5.0,1261219014
57,19,5.0,1261604978
57,7,3.5,1261371439
57,31,2.5,1261706272
57,25,5.0,1261457148
57,55,2.5,1261067974
57,6,3.5,1261167376
57,37,1.5,1261703734
57,3,3.5,1260790085
57,17,4.5,1261283006
58,57,3.0,1261120309
58,44,4.0,1261628001
58,45,4.5,1261167624
58,51,3.0,1261037495
58,8,2.5,1261590257
58,31,5.0,1261589686
58,17,2.0,1261033597
58,18,2.5,1261360982
58,33,4.5,1261593325
58,20,1.5,1261503822
58,9,2.0,1260893445
58,13,2.5,1261556124
58,12,1.5,1260924129
58,56,3.5,1260912837
58,42,4.5,1261666179
58,55,3.0,1260936597
58,32,5.0,1261171736
58,43,4.5,1261046710
58,25,3.0,1261182350
59,19,4.0,1261566221
59,28,3.0,1261497854
59,11,2.5,1261392676
59,25,3.5,1261232573
59,46,4.0,1261666383
59,60,4.0,1261096629
59,50,5.0,1260940890
59,3,1.0,1260876473
59,7,2.5,1261150775
59,47,5.0,1261617823
59,53,4.5,1261084437
59,59,4.0,1260915877
59,1,1.0,1261507425
59,45,3.0,1261202066
59,37,3.0,1261685522
59,51,5.0,1260879062
59,54,4.5,1261434160
59,27,3.0,1261637878
59,33,4.5,1260966609
59,57,4.5,1261042006
59,56,4.5,1261468132
59,55,5.0,1261548417
59,49,5.0,1261324523
59,22,3.0,1261283624
60,9,4.0,1261257512
60,34,3.5,1261355595
60,7,5.0,1261053067
60,10,4.5,1260994998
60,8,4.0,1261195607
60,57,1.0,1261336952
60,41,5.0,1261449824
60,56,2.5,1260909528
60,48,2.0,1261068066
60,40,3.5,1261505760
60,1,4.5,1261215843
60,47,2.0,1260848037
60,44,5.0,1261507423
60,46,1.0,1261429909
60,27,3.5,1261510722
60,13,5.0,1260775061
60,45,4.0,1261212222
60,23,3.0,1261043944
60,43,4.5,1261015505
60,49,2.0,1261221676
61,56,2.0,1261321422
61,25,4.5,1260961834
61,11,3.0,1261309242
61,4,3.0,1261510287
61,51,1.5,1261026136
61,29,4.0,1261184767
61,43,3.5,1261732259
61,20,4.0,1261594279
61,23,4.5,1260779389
61,5,3.0,1261082720
61,58,1.0,1261496463
61,36,1.5,1261109679
61,21,4.5,1260966596
61,33,1.5,1260987129
61,52,1.0,1261376367
61,57,1.5,1260966849
61,54,2.5,1260997483
61,39,2.0,1260803041
61,19,4.0,1261090927
61,59,2.5,1261670289
61,2,4.0,1260872776
61,35,1.0,1260951971
62,39,5.0,1261678491
62,31,4.5,1261361772
62,47,5.0,1261613741
62,48,4.5,1261734039
62,22,2.5,1261208777
62,40,4.5,1260897419
62,20,1.0,1261339086
62,15,3.0,1261631639
62,14,3.0,1261606084
62,25,3.0,1261675004
62,32,4.0,1261186244
62,45,4.5,1261622428
62,10,1.0,1261277895
62,42,5.0,1261690515
62,35,5.0,1261551330
62,21,1.5,1261025150
62,34,4.0,1261202258
62,37,5.0,1261706135
62,12,2.5,1261346189
62,7,1.5,1261247029
62,33,4.5,1261052561
62,52,3.5,1261217222
62,18,1.0,1261715958
63,2,1.0,1261001318
63,45,4.0,1261143794
63,12,2.0,1261285750
63,60,4.5,1261539962
63,47,4.0,1261427629
63,8,1.0,1261218158
63,51,4.5,1261567985
63,57,5.0,1260907441
63,52,4.5,1261128349
63,5,2.0,1261181641
63,54,5.0,1261519592
63,9,2.5,1261342117
63,3,1.0,1261560151
63,55,4.5,1261159782
63,27,3.5,1260783042
63,58,4.0,1261703546
63,40,3.0,1261506410
63,13,1.0,1261620858
64,51,2.5,1261448129
64,49,1.5,1260995495
64,41,4.5,1261620641
64,13,4.5,1261118281
64,9,5.0,1260906878
64,4,5.0,1260796034
64,12,5.0,1261171310
64,14,5.0,1260816221
64,43,5.0,1261119444
64,3,4.5,1261335515
64,7,5.0,1261586679
64,6,4.5,1261333887
64,50,1.5,1261681056
64,2,4.5,1260948651
64,15,4.5,1261093199
64,53,1.0,1260870426
64,34,4.0,1261615874
64,8,5.0,1261493595
64,25,3.0,1260802856
64,45,5.0,1261201244
64,57,2.5,1261249999
64,11,5.0,1261716973
64,56,1.0,1261498477
64,58,2.0,1261013730
65,59,1.0,1261701320
65,5,3.0,1260951994
65,32,1.0,1260760881
65,35,2.5,1261280144
65,37,2.0,1260915078
65,16,4.5,1261646081
65,57,1.5,1261718820
65,18,4.5,1261420237
65,33,1.5,1261157138
65,20,4.5,1261419046
65,22,4.5,1261577438
65,30,4.0,1261033349
65,26,4.0,1261525843
65,40,1.5,1261137621
65,54,1.0,1261198358
65,14,3.0,1260779855
65,25,4.5,1261570527
65,3,4.0,1261386407
65,4,3.0,1260853837
65,52,1.5,1261115427
65,58,1.0,1261639278
65,17,4.5,1260874657
65,21,5.0,1260881035
65,53,1.5,1261671676
65,56,2.0,1260828518
65,27,4.5,1261426565
65,8,3.5,1261558180
66,17,1.5,1261309841
66,21,1.0,1260803331
66,48,4.0,1261403905
66,36,4.5,1261723190
66,42,5.0,1261743210
66,25,3.0,1261623418
66,31,4.5,1261337748
66,10,2.0,1261047350
66,13,1.5,1260781337
66,45,4.5,1261415521
66,37,4.5,1261646099
66,24,3.5,1261715255
66,44,5.0,1261241605
66,19,1.0,1261529974
66,57,3.5,1260892248
66,22,1.0,1261537580
66,39,5.0,1261133169
66,47,4.5,1261472611
66,43,4.0,1260848312
66,11,1.5,1261552567
66,33,4.5,1261246387
66,7,2.0,1261634206
66,4,3.0,1261119215
66,35,4.5,1261687274
67,20,5.0,1261698695
67,5,1.0,1260877843
67,59,5.0,1260971603
67,8,2.0,1261477837
67,57,4.5,1260785270
67,53,5.0,1261528217
67,1,1.0,1260773859
67,30,3.5,1261315371
67,36,3.5,1260906735
67,22,3.0,1261040197
67,50,4.0,1261110889
67,14,3.0,1261435513
67,49,5.0,1261173027
67,12,1.0,1260895645
67,7,2.0,1261362555
67,51,5.0,1261195862
67,6,2.0,1261264187
67,60,5.0,1260866615
67,13,2.0,1261574267
67,46,5.0,1261363453
67,33,4.5,1261341111
67,10,2.0,1261292903
67,2,1.0,1261675931
67,47,4.5,1261141706
68,15,4.0,1261351399
68,2,5.0,1261596165
68,44,4.5,1261631318
68,54,1.5,1261102150
68,51,1.5,1260853913
68,5,5.0,1261028637
68,49,1.5,1261075527
68,56,1.0,1261068378
68,18,3.5,1261245084
68,24,3.5,1261028515
68,11,4.5,1261410539
68,42,5.0,1261002459
68,10,4.5,1260996330
68,1,5.0,1260896900
68,34,3.5,1261264740
68,4,4.0,1261263917
68,50,1.5,1261236294
68,33,3.5,1261213485
68,14,4.5,1261631391
68,43,4.0,1261192961
68,59,1.5,1260913226
68,9,4.5,1261250818
68,16,3.0,1260877920
68,27,3.0,1261369514
68,7,5.0,1261322634
68,6,4.5,1261426614
68,52,1.0,1261097585
68,28,3.0,1261495778
69,29,4.5,1261299277
69,21,5.0,1261714871
69,25,5.0,1261111621
69,32,1.5,1261409587
69,35,2.5,1261388974
69,17,5.0,1261237705
69,59,1.5,1261117766
69,30,4.5,1261169520
69,54,1.0,1261591978
69,12,3.0,1260917477
69,55,1.0,1261374197
69,60,3.5,1261343642
69,37,1.5,1261318603
69,42,3.5,1261428774
69,23,4.5,1261659312
69,57,1.5,1261048385
69,39,2.0,1261692044
69,56,1.5,1260931275
69,58,1.5,1261020439
69,46,4.0,1261077953
70,39,4.0,1261095430
70,53,4.0,1261655030
70,12,1.5,1260969448
70,34,4.5,1260895109
70,38,5.0,1261609982
70,37,4.5,1261134325
70,31,4.0,1260897442
70,24,3.5,1260830947
70,11,2.5,1260854761
70,42,4.5,1261312214
70,17,2.5,1261095128
70,7,1.5,1261621041
70,36,5.0,1261409988
70,47,4.5,1261028355
70,25,3.0,1261400621
70,44,4.5,1260967785
70,6,1.5,1261387068
70,33,4.0,1260955521
70,50,3.5,1261208764
70,23,2.0,1260809013
70,20,1.0,1261185888
71,5,2.5,1261180773
71,55,4.0,1261127863
71,19,3.0,1261456974
71,7,1.5,1260866449
71,33,4.0,1260831095
71,49,5.0,1261379740
71,31,3.5,1261652407
71,3,2.5,1260885202
71,48,5.0,1260877542
71,57,5.0,1261334610
71,12,1.0,1261329706
71,47,5.0,1260849140
71,26,3.0,1261295069
71,54,4.5,1261057277
71,46,4.5,1261360234
71,56,5.0,1261240799
71,50,5.0,1261029675
71,53,4.5,1260801674
71,44,3.0,1261234692
71,27,3.5,1261556711
72,60,3.5,1261207648
72,7,4.5,1261099435
72,9,4.5,1260766235
72,4,4.0,1260911545
72,55,1.0,1260884849
72,47,1.5,1261363111
72,50,2.5,1260791230
72,54,1.5,1261221092
72,29,3.0,1261590635
72,16,3.0,1261406534
72,12,4.5,1260976033
72,39,3.5,1261615238
72,17,4.0,1261726150
72,56,1.5,1261016134
72,59,1.5,1261614754
72,48,2.5,1261685694
72,46,1.0,1260929733
72,43,5.0,1260839428
72,6,4.5,1261457600
72,2,5.0,1261536130
72,44,5.0,1261737582
72,45,4.0,1261589738
72,10,4.5,1261435278
72,38,3.0,1261260691
72,8,4.5,1261155178
72,1,4.5,1261197963
72,13,5.0,1260960904
73,37,1.5,1261106360
73,17,5.0,1261118014
73,26,4.5,1261697796
73,30,4.5,1261024303
73,25,5.0,1260984959
73,29,4.5,1261304926
73,60,3.5,1261498667
73,36,2.0,1261312608
73,18,5.0,1260971792
73,57,2.0,1261454385
73,53,1.5,1261332228
73,55,1.5,1261297966
73,59,1.5,1261164237
73,19,4.5,1261524328
73,24,5.0,1261334425
73,28,4.5,1261260233
73,27,4.5,1260999970
73,23,4.5,1260759901
73,33,1.0,1261235813
74,51,4.0,1261194840
74,13,1.5,1261058488
74,33,4.5,1261438659
74,9,2.0,1261665641
74,38,4.5,1261627220
74,36,4.5,1260990444
74,31,4.5,1261559607
74,35,5.0,1261104578
74,48,4.0,1261611969
74,16,3.5,1260998608
74,4,3.0,1261108115
74,47,4.0,1260861780
74,37,5.0,1261576166
74,44,4.5,1261612159
74,23,2.0,1261067360
74,42,4.5,1261311144
75,9,1.5,1261705769
75,57,4.5,1260905259
75,35,3.5,1260960682
75,47,4.5,1261716371
75,50,4.5,1261382982
75,58,5.0,1261042007
75,60,5.0,1261252891
75,52,5.0,1260760515
75,20,5.0,1261518990
75,3,1.0,1260764586
75,13,2.5,1261667806
75,15,3.0,1261310216
75,12,1.0,1261144134
75,8,1.0,1261338250
75,56,4.5,1260965555
75,42,3.5,1260978730
75,53,5.0,1261704854
75,32,5.0,1261710302
75,49,5.0,1260769785
75,16,3.0,1261607389
75,51,5.0,1261617326
75,46,5.0,1260909653
75,59,4.5,1261149992
75,25,3.5,1261097250
75,5,1.5,1261102154
75,48,4.5,1261653235
75,38,4.0,1261145213
75,7,1.0,1261175690
75,26,4.0,1261658092
76,43,5.0,1261639354
76,46,2.0,1260932615
76,49,2.5,1261447499
76,57,2.5,1261292090
76,11,5.0,1261250966
76,52,2.0,1261071636
76,5,4.5,1261313768
76,44,4.5,1261131339
76,45,4.0,1261030409
76,9,4.5,1261532617
76,53,1.0,1261560818
76,6,5.0,1260880635
76,2,4.5,1261270566
76,20,3.0,1261462022
76,51,2.5,1261651769
76,13,5.0,1260996919
76,29,3.5,1261243607
76,7,4.0,1261050568
76,42,4.5,1260800505
76,25,3.0,1260821699
77,23,4.0,1260768637
77,29,5.0,1261686328
77,26,5.0,1261175704
77,54,1.0,1260759215
77,28,4.5,1261752404
77,17,4.5,1261055618
77,59,2.0,1261031544
77,20,5.0,1260792896
77,12,3.5,1261258387
77,35,2.5,1261026727
77,32,1.0,1260830537
77,45,3.0,1261358095
77,19,5.0,1261229455
77,50,4.0,1261532068
77,27,5.0,1260972286
77,21,5.0,1260805032
77,40,2.5,1261054830
77,60,3.5,1261739765
77,56,2.0,1260931857
77,24,4.0,1261645854
77,5,3.5,1261100609
77,16,4.5,1261396509
77,25,4.5,1261037720
77,18,5.0,1261639432
77,1,4.0,1261613378
77,55,1.0,1261276965
77,52,2.5,1261608326
77,43,3.5,1261340042
78,44,4.0,1261364751
78,24,3.0,1261232656
78,45,4.0,1260783354
78,1,3.5,1260823384
78,22,2.5,1261606324
78,19,1.0,1260765464
78,18,2.5,1261338802
78,7,2.0,1261129191
78,14,3.0,1261545492
78,36,4.5,1261306353
78,21,1.5,1261426712
78,32,5.0,1260863127
78,30,4.0,1260951376
78,47,5.0,1261106526
78,48,4.0,1260778782
78,34,4.5,1261191941
78,23,2.5,1261370533
78,9,1.5,1261668638
78,53,3.5,1260791769
78,26,3.0,1260783700
78,11,1.5,1261752931
78,42,5.0,1261667063
79,49,4.0,1261069272
79,9,1.5,1260842123
79,46,5.0,1260762174
79,5,2.0,1261188145
79,30,3.5,1261510331
79,32,4.5,1261355923
79,3,1.0,1261424673
79,18,4.0,1260976070
79,59,4.5,1261690775
79,26,4.0,1261128359
79,10,2.0,1261606374
79,8,2.0,1260841203
79,53,4.5,1260959173
79,6,1.5,1261202833
79,60,4.0,1261633609
79,31,4.0,1261429990
79,25,3.0,1260814739
79,13,1.0,1261212054
79,12,1.5,1261355682
79,57,4.0,1261590588
79,56,4.5,1261433932
79,50,4.5,1260820868
79,52,4.5,1260869957
80,32,3.5,1261053507
80,8,4.0,1261732902
80,51,1.5,1260872627
80,14,4.5,1260796394
80,9,4.0,1261101553
80,49,1.5,1261152369
80,12,4.5,1261692296
80,4,4.5,1260908172
80,36,3.0,1261739960
80,38,4.0,1261222120
80,45,4.5,1261593123
80,15,5.0,1260983062
80,10,5.0,1261437960
80,3,5.0,1261696314
80,53,2.5,1260864315
80,11,5.0,1261461214
80,41,4.5,1261454139
80,7,5.0,1261055124
80,54,2.0,1261423704
80,1,4.0,1260848353
80,40,3.0,1260824679
80,43,4.5,1261548660
